grade,ge100,ge101,size,fgpa,gender,msat,vsat,am1,am2,am3
4,2.3,3,31,3.125,Male,660,550,0,0,1
1.7,1.7,1.7,20,1.5,Male,670,700,1,0,0
2.3,2.3,2,30,2.4300001,Male,660,600,1,0,0
2.7,2.3,3.3,35,3.293,Female,610,540,1,0,0
2.7,2.7,3.7,32,2.4560001,Male,650,520,0,1,0
3.3,3.3,3.3,21,2.806,Female,650,540,0,1,0
1,2.7,2,31,2.4549999,Male,620,480,1,0,0
3,3,3.3,36,3.168,Male,620,460,0,1,0
0,2,1,24,2.145,Male,430,470,0,0,0
3,2.7,3,35,2.7,Male,610,560,0,1,0
3.3,2.7,2.7,28,3.296,Female,580,510,0,1,0
2,3.3,2.7,22,2.24,Female,640,550,1,0,0
2.7,2,2.7,18,2.9159999,Female,590,620,0,1,0
2.3,2.3,3,31,2.596,Female,550,500,1,0,0
3,4,3,33,2.6070001,Female,610,590,1,0,0
3.3,3,2,36,2.684,Male,610,610,0,1,0
4,2,2.3,31,2.1389999,Female,590,600,1,0,0
2.7,2.3,3.7,19,3.164,Female,510,520,1,0,0
2,3,1,24,1.937,Female,610,560,0,1,0
1.7,3.7,3,29,3.013,Male,730,510,1,0,0
1,2,2,32,1.976,Male,650,530,0,1,0
1.7,2,2,31,2.5550001,Male,560,500,1,0,0
1.7,2,2,27,2.2479999,Male,670,540,1,0,0
3.3,3.7,3.3,33,2.9890001,Male,690,570,0,1,0
2,2.7,2,36,2.52,Male,580,550,1,0,0
1.3,1,1.3,24,1.975,Male,600,550,0,1,0
2.3,2,2,30,2.5,Male,670,380,0,1,0
3,2.7,3,34,2.6600001,Male,580,470,0,1,0
1.3,3.3,2,27,2.852,Male,600,690,0,0,0
4,3.3,1.3,19,3.1819999,Female,540,490,0,1,0
2,3,2.7,31,3.026,Male,670,610,0,1,0
3.7,3,2.7,33,3.3099999,Female,560,570,1,0,0
1.7,3,2.3,33,2.0280001,Male,620,570,0,1,0
2.7,3.7,3,32,1.951,Male,570,560,0,1,0
3.3,3.3,3.7,27,3.175,Female,610,550,1,0,0
4,3.7,4,28,3.642,Male,750,530,0,1,0
2.7,3.7,3,32,2.596,Male,670,550,1,0,0
2,3,3,31,2.6129999,Male,710,610,0,1,0
2.7,1.3,2.3,32,2.1860001,Female,630,490,0,1,0
2,2.7,2,35,2.2679999,Male,600,510,0,0,0
3.7,2,4,32,3.003,Male,610,500,1,0,0
2.3,2,3.3,33,2.9349999,Female,640,610,0,1,0
3,2.7,2.7,28,2.9349999,Female,630,570,1,0,0
3.3,2.3,2.7,24,2.375,Male,620,550,1,0,0
3.7,2,1.7,25,2.1700001,Female,560,500,0,1,0
3.7,4,3.7,28,3.4790001,Male,680,560,1,0,0
1.7,3,3,31,2.9860001,Male,660,460,1,0,0
3.3,2,3,31,2.418,Female,570,470,0,1,0
1.3,2.3,1.7,30,2.1259999,Male,670,590,1,0,0
2.3,3,2,31,3.0999999,Female,700,520,0,1,0
3.7,4,3.3,34,3.1960001,Male,640,630,0,1,0
3,3,3,18,2.8670001,Male,670,540,0,1,0
3,2.3,3,28,2.6159999,Female,540,500,0,1,0
2,3,2.3,31,2.7920001,Male,650,510,1,0,0
2.3,2,2,32,2.2190001,Female,660,620,1,0,0
2.7,3,2.7,31,2.8410001,Male,580,530,0,0,0
2.7,2,2,24,2.95,Male,640,490,1,0,0
4,1.7,2,36,2.2,Male,600,500,1,0,0
1.7,2,3,31,2.2609999,Female,590,670,1,0,0
3,2,2.3,31,2.2119999,Male,640,500,1,0,0
3,4,2,28,3.165,Female,550,550,1,0,0
1.7,3,2.7,29,3.253,Male,600,530,0,0,0
2.7,2.7,3,28,3.1129999,Male,630,470,1,0,0
1,2.3,1.7,35,2.415,Female,590,550,1,0,0
2.3,3,2.7,28,2.4030001,Male,590,570,1,0,0
2.3,2,1.7,36,2.543,Female,600,450,0,1,0
3,2.3,3,31,2.668,Male,670,500,0,1,0
3,2.7,2,27,2.211,Female,640,550,1,0,0
3,3,3.7,31,2.29,Female,650,590,1,0,0
4,2.7,2,24,2.931,Male,660,590,1,0,0
3.7,1.7,2.3,32,2.0739999,Male,530,560,0,1,0
2.7,2.3,2.7,35,2.6689999,Male,640,560,1,0,0
2.3,2,1.7,18,2.7850001,Female,600,500,1,0,0
3,2.7,2.3,32,2.6259999,Male,640,560,1,0,0
2,2.7,3,27,2.569,Male,680,630,0,1,0
2,2,2,30,1.961,Female,560,580,1,0,0
3.7,3,4,31,3.4549999,Female,620,620,0,1,0
3,2.7,3,32,3.0439999,Male,550,600,1,0,0
2.7,2,2,29,2.5,Male,660,580,0,1,0
4,2,2,27,2.2390001,Male,630,550,0,1,0
4,2.7,3.7,21,3.527,Male,670,700,1,0,0
2,2,2,31,2.2460001,Female,570,550,0,1,0
3,3,3,32,2.8599999,Male,660,590,0,1,0
2,2.7,2,27,2.1960001,Female,660,570,1,0,0
2.7,2,2,31,2.934,Female,710,620,0,1,0
3.3,3,4,34,3.0350001,Male,630,490,0,0,1
2.3,3.3,3.7,24,2.6400001,Male,690,580,0,1,0
1.7,3,3,29,3.086,Male,560,520,0,1,0
2,2.3,1.7,26,2.2190001,Male,690,610,0,1,0
4,4,4,31,3.6889999,Male,710,520,0,1,0
4,2.3,2,36,1.988,Female,640,600,0,1,0
4,3.7,4,31,3.648,Female,610,640,1,0,0
3.3,3,2.7,22,2.539,Male,620,550,0,1,0
3,2,3,34,2.4030001,Female,560,510,1,0,0
4,2.7,3.7,35,2.8610001,Female,720,500,0,1,0
2.7,3,2,36,2.46,Male,660,460,0,1,0
3,2.3,2,26,2.6259999,Male,670,670,0,1,0
3.7,4,3,32,3.276,Female,780,740,0,1,0
2.3,2.3,3,25,2.8239999,Male,640,490,1,0,0
3.3,3,3,31,3.2460001,Female,630,450,0,1,0
2.7,2.3,2,29,2.316,Male,600,520,0,1,0
2,2,2,27,2.6860001,Male,530,530,0,1,0
3,2.7,2.7,19,2.55,Male,620,640,0,1,0
4,2.3,3,17,2.76,Female,660,650,1,0,0
3.7,4,4,31,2.973,Male,740,760,0,0,0
2.7,2.7,3,28,3.21,Male,640,590,0,1,0
1.7,2,2.3,24,2.4230001,Male,730,600,0,1,0
4,3.7,3,31,3.2249999,Female,600,490,1,0,0
3.3,3,2.7,32,2.9820001,Male,740,550,1,0,0
2,3,2.3,31,2.868,Male,600,580,1,0,0
2,2.3,2,39,2.448,Male,680,540,1,0,0
2.3,2,3,32,2.0999999,Male,650,560,0,0,0
3,2,1.7,27,2.576,Female,570,530,1,0,0
1.3,2,3,27,2.3139999,Female,620,550,0,0,0
1.7,3.7,2.3,19,2.75,Male,720,530,0,1,0
2.7,1,2.7,24,2.2620001,Male,560,600,1,0,0
3.3,4,4,27,3.803,Female,640,600,1,0,0
3,2.3,2.3,32,2.29,Male,620,570,0,1,0
2.3,4,3.3,31,3.1070001,Male,710,570,0,1,0
2.3,2.3,1.7,21,1.934,Male,580,500,1,0,0
3,2.7,2,31,2.595,Male,720,660,0,0,1
2.7,4,3.7,24,3.03,Male,650,570,1,0,0
2.7,1.3,3,31,2.23,Female,620,540,0,1,0
3,2.7,3.3,31,2.5439999,Female,580,520,0,1,0
2.3,2,3,19,3,Female,660,640,0,1,0
3,2,2,31,2.835,Female,580,520,0,1,0
0,2,1.3,33,2.8310001,Male,510,470,0,1,0
0,3.7,2.7,31,2.234,Female,550,600,0,1,0
2.7,3.7,3.3,32,2.47,Male,620,660,0,1,0
3.7,4,3.7,34,3.7690001,Female,620,670,0,1,0
0,2.3,2.3,33,2.6559999,Female,550,480,1,0,0
2,2,1,20,1.96,Male,660,520,1,0,0
.69999999,1.7,1.7,32,3.2079999,Female,650,530,0,1,0
2.3,2,2.7,28,2.934,Female,570,610,1,0,0
2.3,2,2,29,2.783,Male,680,530,0,0,1
2.3,2.7,1.7,23,2.28,Male,650,610,1,0,0
2.3,3,1.7,17,1.7,Male,640,680,0,1,0
0,2,2,36,1.8049999,Female,540,550,1,0,0
2.7,2.3,3.7,39,2.48,Female,620,550,0,1,0
4,3.7,3,21,3.1329999,Male,460,610,1,0,0
3.3,3,2.7,31,2.8,Male,560,580,0,1,0
4,3.3,3.3,36,3.4530001,Female,590,550,0,1,0
4,4,3.3,31,3.6340001,Male,640,550,1,0,0
1.7,2.3,3.7,33,2.6619999,Male,620,600,1,0,0
1.7,1.7,1.7,18,2.1600001,Male,600,670,0,1,0
2,2,1.7,28,3.21,Female,590,520,0,1,0
2.3,2.7,2.7,32,2.7309999,Male,600,510,0,1,0
4,3.7,3.3,19,3.5899999,Female,630,520,0,1,0
2,3,1.7,33,2.592,Male,640,600,1,0,0
0,2,2,21,2.6210001,Male,630,500,0,1,0
1.3,2,1,31,2.4849999,Male,710,560,1,0,0
2,3,1.7,24,3.1370001,Female,620,600,0,1,0
2.7,3,3.3,22,3.0409999,Female,710,660,1,0,0
.69999999,1.3,3,31,2.5239999,Female,590,580,0,1,0
3.7,2.3,4,25,3.033,Female,690,640,0,1,0
1.7,3.3,3,29,2.6199999,Male,660,570,1,0,0
3.3,3,2,22,3.24,Male,610,560,0,1,0
2,4,3,22,3.023,Female,650,620,0,1,0
3,3,2.7,27,2.9690001,Female,580,560,0,1,0
3.3,2,2.3,34,2.2320001,Male,610,460,1,0,0
4,4,3.7,31,3.71,Female,600,540,0,1,0
3.7,3,2.7,31,3.2,Female,640,510,0,1,0
2,2.3,2,39,2.8110001,Male,670,490,1,0,0
2,2,2,20,1.973,Male,590,540,0,1,0
3,2,2,32,2.6059999,Male,650,520,1,0,0
4,3.3,4,39,3.4260001,Male,790,640,0,1,0
3,2,1,34,2.02,Male,480,540,1,0,0
2,1.7,2,28,2.303,Male,590,490,0,1,0
1,2,2.3,32,2,Male,660,690,1,0,0
3,3,3,34,2.675,Male,660,590,1,0,0
3.7,2.7,4,19,3.3959999,Male,620,590,1,0,0
3.7,4,3.7,34,3.4719999,Male,690,670,1,0,0
1.7,1,1.7,32,2.848,Male,600,430,1,0,0
.69999999,1.7,1.7,31,2.0150001,Male,560,450,1,0,0
2.7,2.3,3,29,2.8529999,Female,600,570,1,0,0
4,4,2.7,33,3.4030001,Female,610,540,0,1,0
0,2.3,2,28,2.2909999,Male,650,520,0,0,0
2,2,2,34,2.2639999,Female,620,470,0,1,0
1,2,2,33,2.862,Female,640,500,0,1,0
3.3,3,3,34,3.6889999,Male,690,510,0,1,0
2.3,2.3,2,34,2.51,Female,670,480,0,1,0
3.7,3.3,2.7,27,1.9119999,Male,640,720,1,0,0
3,3,2.3,34,2.8499999,Male,570,460,1,0,0
1.7,2.3,2,29,3.096,Male,600,640,1,0,0
3,3,3,23,2.7690001,Male,650,570,1,0,0
3.7,3.3,2.7,32,2.592,Female,570,520,0,0,0
1.7,3,2,31,2.3399999,Male,610,680,1,0,0
3,3.7,3.3,27,3.4300001,Female,620,600,0,1,0
3,2.3,2,30,2.848,Male,520,550,1,0,0
3,3,3.3,32,3.411,Female,630,560,0,0,0
4,2,3,34,3.1860001,Male,720,600,0,1,0
1.3,3,2.7,32,2.793,Male,490,550,1,0,0
2.7,3,2.7,32,3.151,Male,610,580,0,0,0
2.3,2.7,4,28,2.2379999,Male,570,540,1,0,0
2,2.7,2.7,34,2.5699999,Male,650,460,0,1,0
.69999999,3,2,32,2.0150001,Male,570,630,1,0,0
2,3,3.7,31,3.2420001,Female,660,550,0,1,0
3.7,4,4,28,3.5810001,Male,780,710,0,1,0
2,2.7,2.7,33,2.4960001,Male,560,600,1,0,0
1.7,2.3,2,33,2.675,Female,560,550,0,1,0
2.3,2.7,2,34,3.3,Male,670,560,1,0,0
3,3.7,4,33,3.6800001,Female,640,600,1,0,0
0,1.7,1.7,33,2.2539999,Male,560,580,0,1,0
3,3,3.3,18,3.22,Male,690,480,0,1,0
3.7,3.3,4,25,2.575,Female,580,530,0,1,0
3,1.7,2,27,2.02,Female,670,610,0,1,0
2.7,3,1.7,32,2.303,Female,660,600,0,1,0
1.7,2,3,33,2.619,Male,630,630,1,0,0
2.3,2,3.3,35,2.3199999,Male,590,740,0,1,0
4,3,3,32,2.7579999,Male,730,500,0,1,0
3,1,3.3,31,2.493,Female,540,510,1,0,0
3,2,3,31,2.642,Male,590,480,1,0,0
3,2.3,3.7,39,2.8889999,Female,660,550,0,0,1
3,2.3,2,34,2.358,Male,680,540,1,0,0
2.7,1.7,2,36,2.2409999,Male,630,510,0,1,0
3,4,3,31,3.211,Female,630,470,0,1,0
2.3,2.7,3,34,2.6630001,Female,620,520,1,0,0
2.7,2,3,19,3.4419999,Male,670,490,0,1,0
0,2.3,1,19,2.3199999,Male,580,470,1,0,0
3,3,2,27,3.1730001,Female,670,520,0,1,0
2.3,2,2.7,21,2.6500001,Female,680,530,1,0,0
2.7,3,3,31,2.688,Male,730,530,0,1,0
2.3,2,2.3,24,2.2360001,Female,530,610,1,0,0
1.7,3,1.7,26,2.635,Female,650,610,0,1,0
3,3,3.3,24,3.303,Male,570,550,0,1,0
2,2,1.7,27,2.596,Female,620,530,1,0,0
2.7,3.3,3,27,2.707,Female,660,520,0,1,0
4,4,4,25,3.723,Male,720,580,1,0,0
4,3.3,3,32,2.7030001,Male,600,570,1,0,0
3.7,3.7,3,31,3.188,Male,690,670,0,1,0
2.7,3,2,27,2.4000001,Female,570,490,1,0,0
3,2.3,3,22,3.3640001,Female,490,460,1,0,0
.69999999,3.7,2.7,28,2.9649999,Female,560,510,0,1,0
2.3,3.3,2,31,2.9430001,Male,630,490,0,1,0
3.3,3,2.7,32,2.6559999,Female,550,490,1,0,0
2.7,3.3,2.7,28,2.803,Male,580,570,1,0,0
4,3.7,4,27,3.6159999,Male,650,580,1,0,0
3.7,2.3,3,27,2.7420001,Male,600,660,1,0,0
2.3,2.7,1.7,29,2.1819999,Female,570,570,1,0,0
2.3,2,2,28,2.5090001,Male,660,450,1,0,0
3.3,3.7,3.3,29,2.6300001,Male,710,530,0,1,0
2,2.7,2,30,2.425,Male,510,650,0,0,0
2.3,3.3,2,30,2.5039999,Male,650,480,1,0,0
2.3,2.7,3.7,31,2.7349999,Male,670,600,1,0,0
3.7,3,4,32,3.46,Male,670,630,1,0,0
2,2,2,27,2.7579999,Male,560,570,0,1,0
3.3,3.7,3.3,18,3.6129999,Female,620,580,1,0,0
2,3.3,2.7,31,2.73,Male,680,530,0,1,0
4,4,4,32,3.6440001,Female,650,600,1,0,0
3,2.3,3.3,18,2.8900001,Female,610,520,0,1,0
2,2.7,2.7,32,2.503,Female,570,490,0,1,0
2.7,2.7,2,18,2.3440001,Female,580,550,1,0,0
1.3,3,2,19,2.6199999,Male,570,480,1,0,0
3,4,3,27,2.7320001,Male,650,610,0,1,0
.69999999,2,2,18,2.3770001,Male,570,580,0,1,0
1.7,3,1.7,34,2.632,Female,620,610,0,1,0
2,2.7,4,27,2.7609999,Male,710,610,0,1,0
1.3,2,2.7,36,2.6760001,Male,590,570,1,0,0
2.3,3,2.7,30,3.036,Female,580,490,1,0,0
3,3.7,2.7,28,3.4389999,Male,710,550,0,1,0
4,4,3.7,33,3.1159999,Male,670,510,1,0,0
3,3,3.7,34,3.3169999,Female,610,670,1,0,0
2,2,2.7,31,2.6259999,Male,560,410,1,0,0
3,3,2,27,2.8800001,Male,540,480,1,0,0
3,3,4,24,3.421,Female,600,460,1,0,0
4,2.7,3.3,21,3.3239999,Male,660,580,1,0,0
2,2,2.3,24,2.55,Female,610,600,0,1,0
1.7,2,1.7,33,2.4579999,Female,640,540,1,0,0
2,1.3,2.3,31,2.7620001,Female,540,490,1,0,0
2.7,2,2.7,21,3.536,Female,580,490,1,0,0
2.7,3.3,3.3,27,3.069,Male,550,550,1,0,0
3.7,3.7,4,28,3.1900001,Male,640,460,1,0,0
0,2,2,24,2.2,Male,650,480,1,0,0
2.3,3,3,19,2.829,Female,620,500,0,1,0
1.3,2,2.7,23,2.6440001,Female,630,470,1,0,0
2.7,2.7,1.7,31,2.615,Male,620,560,1,0,0
2.7,3.3,2,33,2.859,Female,640,610,1,0,0
3,3,4,24,3.7060001,Female,660,580,0,1,0
2.7,2,2,32,2.4230001,Male,600,510,1,0,0
2,2,1.7,18,2.7249999,Male,490,450,1,0,0
3.3,3.3,3,27,3.309,Male,700,530,0,1,0
3.7,4,4,18,3.1760001,Male,640,520,0,1,0
3.7,4,2,30,3.279,Female,620,570,0,1,0
2.3,2.7,2,35,3.1199999,Male,590,700,1,0,0
2,3,3,33,2.7160001,Male,710,450,1,0,0
4,3,3.7,34,3.4059999,Female,710,570,1,0,0
3.7,3.3,4,33,2.8699999,Male,670,610,1,0,0
2,3,2.7,32,3.0120001,Male,670,480,0,1,0
3.7,3.3,4,18,3.8699999,Female,640,650,1,0,0
3,3,3,31,2.6919999,Female,590,500,1,0,0
1.7,2,2.7,31,2.487,Male,540,510,1,0,0
1.7,1.7,1,33,2.335,Male,530,530,0,1,0
2.7,4,3.3,31,2.974,Male,780,480,0,0,1
3.3,3,3,34,3.1930001,Male,630,580,0,1,0
2.3,3,1.7,22,2.8889999,Male,580,470,0,0,0
3,3,3,31,2.8380001,Male,630,600,1,0,0
3,3,3.3,36,2.9809999,Male,570,480,1,0,0
3,3,3.7,32,2.6760001,Male,740,580,0,1,0
1.7,2,.69999999,19,2.319,Male,730,560,0,1,0
2.7,2.7,2.3,32,2.688,Male,650,490,1,0,0
0,2,2,24,2.5350001,Male,690,510,0,1,0
4,2.3,4,27,2.6689999,Male,720,550,0,1,0
1.3,1,2,29,2.1500001,Male,590,600,1,0,0
3.3,2.7,2,27,2.9960001,Female,640,640,1,0,0
3.3,3.7,3.3,30,3.5999999,Female,670,510,0,1,0
3,3.7,1.7,31,3.5999999,Female,700,550,1,0,0
3.3,3,2,22,2.779,Female,620,620,1,0,0
2.3,3,2.3,18,2.858,Male,560,570,1,0,0
3,2,2.7,32,2.5209999,Female,590,610,1,0,0
2.3,2.7,2.3,19,2.2620001,Male,580,550,1,0,0
2.7,2.7,3,27,2.95,Male,660,580,1,0,0
2,2,2,32,2.2690001,Female,620,560,0,1,0
2.7,2.7,2,19,2.4619999,Female,610,520,1,0,0
3.3,2,2,18,2.5090001,Male,660,560,0,1,0
3.7,2.7,2.7,27,3.0350001,Female,590,480,1,0,0
2.3,2.7,2.7,19,2.7420001,Female,640,520,1,0,0
2.7,2.3,3,27,2.9030001,Male,610,490,1,0,0
3.7,3,3.3,24,3.658,Female,660,570,0,1,0
3,2,2,31,2.6129999,Male,610,400,1,0,0
3.7,4,4,31,2.9389999,Male,620,510,0,1,0
3,2.7,2.3,31,2.8529999,Female,580,460,1,0,0
4,4,3.7,27,3.02,Male,690,470,0,1,0
3,2,3,39,2.6099999,Male,610,470,0,1,0
1,2,2,34,2.1900001,Male,480,500,1,0,0
1.7,2.3,4,21,2.566,Male,600,490,1,0,0
3,3,2,22,2.5929999,Male,590,510,0,1,0
2.3,2,3,18,2.9549999,Male,640,560,0,1,0
3,4,2.7,18,3.3800001,Male,560,550,0,1,0
2.7,3,2.7,31,2.665,Male,710,530,1,0,0
2,1.7,3.7,27,1.888,Male,590,570,0,1,0
2.3,2.7,2.3,31,2.6300001,Male,590,530,1,0,0
2.3,3,2.3,28,3.316,Male,660,650,0,1,0
0,2,2,17,2.0810001,Male,730,550,1,0,0
2.7,1.7,2,32,2.8280001,Male,660,580,0,1,0
3.7,4,2.7,33,3.539,Male,600,460,0,1,0
2.7,2.3,2,28,2.727,Female,650,670,0,1,0
3,3,2,32,2.5109999,Female,520,630,1,0,0
3.7,3.7,2.3,32,3.1819999,Female,570,640,1,0,0
1.7,2,2.3,19,2.631,Male,610,500,1,0,0
0,1,1.3,34,2.039,Male,660,510,0,1,0
3,3,1.7,31,1.9529999,Female,630,560,1,0,0
3,2.7,2,20,3,Female,710,580,0,1,0
1.3,2,3,28,2.5409999,Male,650,600,0,1,0
2.7,3.7,2.7,28,2.8169999,Male,620,490,0,1,0
2.7,2.3,2.7,35,2.4849999,Male,680,570,0,1,0
4,4,4,31,3.8800001,Male,730,710,0,1,0
3,2,2.7,31,2.7160001,Male,640,460,1,0,0
3,2,2.7,31,2.786,Male,620,580,0,1,0
3.3,4,2.7,26,3.5699999,Female,640,680,1,0,0
2,3,3,24,3.474,Female,560,610,1,0,0
1,2.7,1.7,36,2.5139999,Male,620,700,1,0,0
2,2.7,2,35,2.951,Female,650,600,1,0,0
3.7,4,4,31,3.6300001,Male,700,530,0,0,0
3,2.7,3.3,33,3.0580001,Male,700,510,0,1,0
2.3,3,3,39,3.1930001,Female,610,620,0,1,0
0,2,3,33,2.5929999,Female,570,500,1,0,0
2.3,3,2.3,27,2.9030001,Female,640,650,1,0,0
2.7,3,4,19,3.1370001,Female,640,720,1,0,0
4,4,4,29,2.8410001,Male,660,650,0,1,0
4,2.3,1.7,23,2.8110001,Female,710,650,1,0,0
3.3,2.3,3,21,3.135,Female,610,570,0,1,0
2,2.7,2,31,2.72,Female,520,440,1,0,0
2.3,2.3,2,28,2.7739999,Female,600,510,1,0,0
3.7,3,2.3,18,2.8599999,Male,680,540,0,1,0
3,2.7,2,28,3.1470001,Female,620,600,1,0,0
3,3.3,2.7,32,2.71,Female,750,610,1,0,0
4,2,3,33,2.773,Male,660,580,0,1,0
2.7,2.3,3.3,30,2.2179999,Male,630,520,1,0,0
1.7,2,2,34,2.5179999,Female,400,400,1,0,0
2.3,3.3,1,22,2.4360001,Male,710,590,0,1,0
3,2.7,3.7,27,2.404,Male,520,450,0,0,0
1.7,3.3,1.7,32,2.326,Male,490,310,1,0,0
2.3,2.7,1.7,31,2.326,Male,630,490,1,0,0
1.7,2,3.7,31,2.9749999,Female,700,650,0,0,0
2.7,3,2.3,19,2.687,Male,680,550,0,1,0
3,2,2,25,2.5929999,Female,580,670,0,1,0
3.7,4,4,31,3.615,Male,720,620,0,1,0
1.7,2,2,33,2.346,Female,540,530,0,1,0
1.7,3.7,2.3,29,3.5209999,Male,550,470,0,1,0
2.7,2,1.7,33,3.003,Female,440,400,0,1,0
2.3,3,3.3,39,3.4820001,Male,540,550,0,1,0
3,4,3,31,3.2,Male,580,650,1,0,0
3.7,4,3,31,3.4400001,Male,630,600,0,1,0
1.7,2,1.7,33,2.0569999,Male,530,510,1,0,0
4,3.3,3,27,3.7850001,Female,570,640,1,0,0
1,3,2,36,2.3110001,Male,460,550,1,0,0
3.3,4,4,24,3.5999999,Male,530,500,1,0,0
1.7,2.3,2.7,23,2.984,Female,630,630,0,1,0
3,3,2,17,2.8529999,Male,610,430,1,0,0
4,4,2.7,29,2.678,Male,570,490,1,0,0
2.7,3,3,18,3.4809999,Male,620,670,1,0,0
2.3,3,2.7,39,2.948,Female,580,460,0,1,0
3,2,2,32,2.8340001,Male,690,570,0,1,0
3,3.7,4,27,3.266,Male,640,490,0,1,0
2,2,3,24,2.0280001,Male,610,490,0,1,0
2,2.7,2,31,2.0190001,Male,590,530,1,0,0
3.7,4,3.3,21,2.9230001,Female,560,490,1,0,0
3.3,2,2,18,1.992,Male,700,640,0,1,0
3.3,4,4,33,2.4920001,Male,680,630,1,0,0
2.3,3.7,3.3,27,3.3210001,Female,640,630,0,1,0
1.3,3,2.3,29,3.342,Male,660,660,0,1,0
1,3,2.7,27,2.48,Male,570,510,0,0,0
2,3,2,36,3.175,Female,600,670,1,0,0
3.7,3,2.3,17,3.602,Female,520,480,1,0,0
3,2.7,2,27,2.8269999,Female,600,600,0,1,0
4,3,3.3,32,2.78,Male,690,580,0,1,0
1.7,3,2,18,2.529,Male,720,590,0,1,0
2.7,3,2.3,36,2.3710001,Male,650,600,0,1,0
3.7,3.7,3.3,39,3.3889999,Male,670,560,0,1,0
4,4,4,32,2.6170001,Male,730,680,0,1,0
3.3,3,2.7,22,2.5929999,Female,530,550,1,0,0
3.7,4,3,27,3.678,Female,780,700,0,1,0
2.7,2.7,2,32,2.6949999,Male,610,640,1,0,0
3,3.3,2.7,28,2.9679999,Male,740,590,0,1,0
1,2,2.3,32,2.0810001,Male,650,540,1,0,0
3.7,3,3,39,3.7279999,Female,630,560,0,1,0
2.7,2.7,2.3,32,2.27,Male,660,500,1,0,0
3.3,4,4,32,2.8269999,Male,690,720,0,1,0
3.3,4,3,39,3.8110001,Female,530,610,1,0,0
4,3,3,19,3.2750001,Male,590,460,0,1,0
2.3,2,1.7,27,2.244,Male,540,490,0,1,0
3,3,3,18,3.02,Male,650,530,1,0,0
2.7,2.7,3.7,33,3.4749999,Female,520,460,0,0,0
2.3,3,3,19,2.4119999,Male,530,670,0,0,0
2.7,3.3,3,32,2.796,Male,620,530,0,1,0
1.3,2,2,19,2.0420001,Male,490,530,0,1,0
2,2,2,18,2.2219999,Male,480,570,1,0,0
3,2,4,31,3.2,Female,670,600,0,1,0
3,3.7,2.3,29,2.2060001,Female,560,470,0,1,0
2.7,2,2,33,2.7090001,Male,650,520,0,1,0
3,2,1.7,31,2.618,Male,680,490,1,0,0
2.3,4,4,23,3.76,Male,620,530,0,1,0
3,2.3,1.7,18,2.323,Male,640,620,0,1,0
3,3,2.7,33,3.0280001,Male,640,550,0,0,0
3.7,3,4,33,2.8900001,Male,680,570,0,1,0
3,3,2.7,19,2.7809999,Male,560,660,0,1,0
2.7,3.7,3,36,2.8329999,Male,740,530,1,0,0
4,4,4,33,3.7679999,Female,670,590,0,1,0
4,3.3,3,22,2.8199999,Female,630,530,1,0,0
4,4,4,19,3.803,Female,650,630,0,1,0
2.3,4,2.7,39,3.3829999,Male,630,480,0,1,0
3.7,3.3,2.3,29,2.915,Male,700,660,0,1,0
4,3.3,3,24,3.6099999,Female,520,610,1,0,0
3.3,3.3,2.7,21,3.3199999,Male,590,570,0,1,0
3,2.3,2.3,20,2.6129999,Male,590,700,0,1,0
2.7,1,2,20,2.0120001,Male,570,420,1,0,0
3,3.7,3,18,3.6530001,Male,730,590,1,0,0
2,2.3,2,27,2.267,Male,660,610,1,0,0
3.3,3.3,3,21,2.688,Male,620,580,0,1,0
3,4,3.3,32,2.8929999,Male,540,480,1,0,0
2,3.3,3,19,3.237,Male,690,520,0,1,0
3,2.7,1.7,21,2.5799999,Female,600,620,0,1,0
4,3,3.7,24,2.6800001,Male,660,520,0,1,0
3.3,4,3,32,3.2219999,Male,570,490,0,0,1
2.3,3,2.3,24,3.207,Male,670,580,1,0,0
2,2.7,2.7,31,2.9690001,Male,650,680,0,1,0
4,4,4,22,2.559,Male,680,660,1,0,0
1.3,2,.69999999,29,2.4719999,Female,440,510,1,0,0
2,2.3,2.7,28,2.092,Male,630,500,1,0,0
3.7,3.7,4,28,3.4059999,Female,660,500,0,0,0
4,3.3,3,31,3.326,Male,540,510,1,0,0
2,2,1.7,35,2.3299999,Female,660,620,1,0,0
2,2.7,3,23,2.559,Male,550,490,0,1,0
3.3,4,2.7,32,2.6500001,Male,570,550,1,0,0
3.7,3,3.3,20,3.6199999,Female,700,610,0,0,0
1.7,2,1.7,32,2.1630001,Male,600,500,1,0,0
3,2,1.7,31,2.444,Male,650,490,1,0,0
2.3,2.7,2.3,16,2.1760001,Male,640,570,1,0,0
2,3,2,32,2.8859999,Female,580,630,1,0,0
3.7,3.7,3,21,3.4070001,Female,620,610,1,0,0
2.7,4,2.7,32,3.796,Female,640,480,0,1,0
2.3,3,3,21,3.4679999,Female,530,550,1,0,0
3.3,4,3,27,3.342,Female,680,540,0,1,0
4,2.7,3.3,33,3.575,Male,690,470,1,0,0
3,2,3,32,2.4849999,Male,660,570,0,0,0
1.7,2,1.7,28,2.1400001,Male,660,640,1,0,0
3,3.3,3,23,3.1070001,Female,600,530,1,0,0
3,1.7,2,20,2.3829999,Male,630,540,1,0,0
2.3,3,1.7,30,2.5469999,Male,590,470,1,0,0
2,3,2.3,19,2.8729999,Male,630,570,1,0,0
3.7,3,2.3,19,2.8710001,Male,690,570,0,1,0
3,2.7,2.3,27,2.7460001,Female,720,480,1,0,0
1,2,2,32,2.6300001,Male,520,490,1,0,0
2.7,2,4,28,2.6129999,Female,670,610,0,1,0
2.7,2,1.7,21,2.5650001,Male,650,660,0,1,0
2.3,2.7,2,31,2.9460001,Male,690,670,0,1,0
2,3,1.7,17,2.4330001,Female,610,500,0,0,0
3.3,3,2,20,3.119,Female,680,520,1,0,0
2.7,2,2,31,1.9529999,Male,640,500,0,1,0
3,3,3.7,24,3.118,Female,620,660,0,1,0
3,3,2,21,3.1099999,Female,590,520,1,0,0
3.3,3,3,31,2.796,Male,640,530,1,0,0
2,1,1.3,23,1.9170001,Female,510,410,0,1,0
2,3.7,3,31,2.507,Male,580,590,1,0,0
4,4,3.7,18,3.0710001,Female,730,650,0,0,1
1.3,2,2,36,2.234,Male,600,650,1,0,0
2,3,3.3,31,3.175,Female,590,610,1,0,0
2.3,3,2.3,31,2.6029999,Male,600,620,0,1,0
3,2,3.7,31,2.8280001,Female,600,560,0,1,0
2,4,3,32,3.0599999,Male,740,580,0,1,0
3.3,3.7,3,29,2.8169999,Male,630,570,1,0,0
3,4,4,32,2.8369999,Male,620,600,1,0,0
3.3,3,3.3,21,3.1029999,Female,640,530,1,0,0
3.7,3,4,33,3.2820001,Male,600,530,0,1,0
3,2,3,28,2.855,Female,590,610,1,0,0
4,2.3,4,31,3.6670001,Female,660,480,0,1,0
3,2.7,3.7,27,2.803,Male,730,630,0,1,0
2.3,2,2.7,18,2.7679999,Male,650,590,0,1,0
3,2,2.3,32,2,Female,590,600,0,0,0
2.3,2,2,19,2.5710001,Male,590,530,1,0,0
3.7,4,4,27,3.948,Male,700,580,0,1,0
2,2,2.3,24,2.2609999,Female,540,580,1,0,0
.69999999,2,1.7,30,2.04,Male,630,520,0,1,0
3.7,3,3,21,3.53,Male,580,520,1,0,0
3,3,2.7,22,2.724,Male,630,640,1,0,0
2.7,2.7,2,34,2.8729999,Male,680,590,1,0,0
2.7,2,2.7,32,2.164,Male,590,470,0,1,0
2,4,3,24,3.3959999,Male,710,610,1,0,0
3,1.3,2.7,32,3.3800001,Female,610,420,0,1,0
2.3,2.3,2.7,18,2.6530001,Male,600,590,0,1,0
2,2,1.7,29,2.7460001,Male,570,640,1,0,0
3.3,2,3,32,3.0439999,Female,650,710,0,1,0
1.7,3,2,24,2.3169999,Male,690,570,0,0,0
2,2,2.3,21,2.95,Female,660,510,1,0,0
3.3,3,2.7,25,2.546,Male,570,560,1,0,0
2,1.7,2.7,33,2.77,Female,590,570,1,0,0
1,1,2.3,21,2.066,Male,640,550,1,0,0
2.7,2,2,27,2.1570001,Female,660,610,1,0,0
3.3,3,2.7,32,2.9219999,Female,610,540,1,0,0
3,2,2,36,3.142,Male,560,410,1,0,0
2.7,2.7,2.7,25,2.8110001,Female,650,630,1,0,0
3.3,4,3.3,32,2.7030001,Female,530,620,1,0,0
2,2,1.7,29,3.0190001,Male,550,560,1,0,0
2.3,2.3,3.3,31,2.925,Female,640,600,0,1,0
3,2,3,32,2.441,Male,600,420,0,0,0
1,3,3,29,2.0780001,Male,610,530,0,1,0
4,4,3.7,35,3.0710001,Female,690,660,1,0,0
2.7,2,3,35,3.0869999,Female,580,540,0,1,0
1.7,1,1.7,27,2.316,Female,630,500,1,0,0
2.3,1,2.3,24,2.072,Male,720,520,0,1,0
3,3,2.3,34,2.7030001,Female,550,600,1,0,0
2.3,2.3,3.7,27,2.5669999,Male,740,470,0,1,0
1.7,2,2,27,2.7,Female,620,640,1,0,0
2,2.7,2,27,2.8410001,Male,630,530,0,1,0
.69999999,2,3,32,2.793,Male,650,600,0,1,0
3.7,2.7,3,18,2.8199999,Male,750,590,0,1,0
1,2,3,31,2.178,Male,580,440,0,1,0
2.3,2,2,27,2.092,Male,600,550,0,0,0
3.3,4,3.3,27,3.3929999,Male,600,500,1,0,0
2.7,2,2,32,2.3610001,Male,700,550,0,1,0
2.7,1.7,2,25,2.0680001,Female,620,530,1,0,0
3,3,4,28,3.28,Male,670,640,0,1,0
2,1.7,1.7,19,2.661,Male,680,570,1,0,0
3,3.3,2.7,27,2.6099999,Male,630,560,0,1,0
3.7,2.3,3.3,32,3.2279999,Female,620,530,0,1,0
2.7,3,3,33,3.082,Male,680,680,1,0,0
.69999999,2.7,2,19,2.6930001,Female,660,510,0,1,0
3,2,3.7,18,2.7920001,Male,560,620,0,1,0
3.7,3.3,2.7,33,3.306,Female,670,550,0,1,0
3,3,2.7,36,2.47,Male,640,660,1,0,0
3,1,2.7,28,2.437,Male,620,450,0,1,0
2,2,2,31,3.2060001,Male,520,540,1,0,0
4,4,3.3,36,2.5339999,Female,580,520,0,1,0
3.3,2,3.7,19,3.3529999,Male,640,580,0,1,0
4,3,3.7,24,3.53,Male,650,570,0,1,0
3,2,3.3,18,2.977,Male,670,540,0,1,0
3.3,2.3,2.7,18,3.0869999,Female,710,580,0,1,0
2.3,3.7,2.3,29,2.681,Male,660,670,1,0,0
2.3,3,2.7,21,2.575,Female,600,580,1,0,0
2,3,2.7,31,2.0899999,Female,640,600,0,1,0
3.3,2.3,2.7,25,2.6389999,Female,520,520,1,0,0
2.7,3.3,2.7,35,2.948,Female,640,560,1,0,0
2.7,1.7,3,25,2.471,Male,650,520,0,1,0
0,2,2,32,2.8239999,Female,550,630,1,0,0
3.3,2.3,4,35,3.1530001,Female,590,530,0,1,0
3.3,2,3,22,2.5220001,Female,650,660,1,0,0
3.7,3.7,4,27,3.3959999,Female,620,530,0,0,0
1.7,3,2,31,2.9679999,Female,580,580,0,1,0
2.7,3,2.7,23,2.207,Male,610,600,1,0,0
2.7,2.3,1.7,18,2.664,Male,640,580,0,1,0
.69999999,2.3,3,33,2.773,Male,620,480,1,0,0
3,2.7,2.3,31,3.096,Female,560,510,0,1,0
3.7,2.3,2.3,25,2.7750001,Male,690,590,0,1,0
2.7,3.3,4,32,2.9289999,Male,680,590,1,0,0
2.3,2,2,19,2.3770001,Female,570,540,1,0,0
4,3.3,3,26,3.2260001,Male,770,480,0,1,0
3.7,2.7,1.7,30,2.928,Male,750,650,0,1,0
1.7,3,2,32,2.7279999,Female,630,450,1,0,0
.69999999,2,1,19,2.1110001,Male,490,390,1,0,0
3,3.7,3.7,32,2.915,Male,600,540,1,0,0
3.3,2,3,20,2.8570001,Male,610,500,1,0,0
2.3,3,2.3,24,3.289,Female,580,440,1,0,0
2.3,3.3,1,22,2.664,Male,600,680,1,0,0
3,2.3,3,27,3.02,Female,620,470,0,1,0
2,2.3,2,31,2.6719999,Male,550,560,0,1,0
3.7,4,4,30,3.325,Male,660,460,0,1,0
3,1.3,2,27,2.4960001,Male,600,520,1,0,0
2.7,3,3.3,31,3.0420001,Male,650,690,1,0,0
4,3.3,3,31,3.2219999,Female,710,570,0,1,0
4,3,4,36,2.5339999,Female,600,530,1,0,0
2.3,2,3,27,3.2920001,Female,590,430,0,1,0
3.7,1.7,3.3,21,2.7249999,Female,590,540,0,1,0
3.3,4,3,18,3.355,Male,720,510,1,0,0
1.3,2,2,31,2.878,Male,620,620,1,0,0
4,3.7,3.3,32,3.457,Male,720,550,0,0,1
3.3,4,4,31,3.971,Female,690,730,1,0,0
2,2,2,21,2.214,Female,620,520,1,0,0
2.3,3,2.7,20,2.9960001,Female,660,650,1,0,0
2.3,2.3,2.7,25,2.1329999,Male,690,620,1,0,0
